<?xml version="1.0" encoding="UTF-8"?>
<!DOCTYPE nmaprun>
<?xml-stylesheet href="file:///usr/local/bin/../share/nmap/nmap.xsl" type="text/xsl"?>
<!-- Nmap 7.70 scan initiated Fri Apr 20 12:36:44 2018 as: nmap -Pn -p80,443,8443,5000,8080 -iL ips.txt -oA nmap.results -vvvvv -->
<nmaprun scanner="nmap" args="nmap -Pn -p80,443,8443,5000,8080 -iL ips.txt -oA nmap.results -vvvvv" start="1524242204" startstr="Fri Apr 20 12:36:44 2018" version="7.70" xmloutputversion="1.04">
<scaninfo type="connect" protocol="tcp" numservices="5" services="80,443,5000,8080,8443"/>
<verbose level="5"/>
<debugging level="0"/>
<taskbegin task="Parallel DNS resolution of 40 hosts." time="1524242204"/>
<taskend task="Parallel DNS resolution of 40 hosts." time="1524242214"/>
<taskbegin task="Connect Scan" time="1524242214"/>
<taskend task="Connect Scan" time="1524242218" extrainfo="200 total ports"/>
<host starttime="1524242214" endtime="1524242216"><status state="up" reason="user-set" reason_ttl="0"/>
<address addr="81.107.115.203" addrtype="ipv4"/>
<hostnames>
<hostname name="cpc123026-glen5-2-0-cust970.2-1.cable.virginm.net" type="PTR"/>
</hostnames>
<ports><port protocol="tcp" portid="80"><state state="open" reason="syn-ack" reason_ttl="0"/><service name="http" method="table" conf="3"/></port>
<port protocol="tcp" portid="443"><state state="open" reason="syn-ack" reason_ttl="0"/><service name="https" method="table" conf="3"/></port>
<port protocol="tcp" portid="5000"><state state="filtered" reason="no-response" reason_ttl="0"/><service name="upnp" method="table" conf="3"/></port>
<port protocol="tcp" portid="8080"><state state="filtered" reason="no-response" reason_ttl="0"/><service name="http-proxy" method="table" conf="3"/></port>
<port protocol="tcp" portid="8443"><state state="filtered" reason="no-response" reason_ttl="0"/><service name="https-alt" method="table" conf="3"/></port>
</ports>
<times srtt="178708" rttvar="108359" to="612144"/>
</host>
<host starttime="1524242214" endtime="1524242216"><status state="up" reason="user-set" reason_ttl="0"/>
<address addr="158.69.205.102" addrtype="ipv4"/>
<hostnames>
<hostname name="nicholas.cybershark.net" type="PTR"/>
</hostnames>
<ports><port protocol="tcp" portid="80"><state state="open" reason="syn-ack" reason_ttl="0"/><service name="http" method="table" conf="3"/></port>
<port protocol="tcp" portid="443"><state state="open" reason="syn-ack" reason_ttl="0"/><service name="https" method="table" conf="3"/></port>
<port protocol="tcp" portid="5000"><state state="filtered" reason="no-response" reason_ttl="0"/><service name="upnp" method="table" conf="3"/></port>
<port protocol="tcp" portid="8080"><state state="filtered" reason="no-response" reason_ttl="0"/><service name="http-proxy" method="table" conf="3"/></port>
<port protocol="tcp" portid="8443"><state state="filtered" reason="no-response" reason_ttl="0"/><service name="https-alt" method="table" conf="3"/></port>
</ports>
<times srtt="58400" rttvar="46279" to="243516"/>
</host>
<host starttime="1524242214" endtime="1524242216"><status state="up" reason="user-set" reason_ttl="0"/>
<address addr="193.22.92.195" addrtype="ipv4"/>
<hostnames>
<hostname name="loghermes.sysraildata.com" type="PTR"/>
</hostnames>
<ports><port protocol="tcp" portid="80"><state state="open" reason="syn-ack" reason_ttl="0"/><service name="http" method="table" conf="3"/></port>
<port protocol="tcp" portid="443"><state state="open" reason="syn-ack" reason_ttl="0"/><service name="https" method="table" conf="3"/></port>
<port protocol="tcp" portid="5000"><state state="filtered" reason="no-response" reason_ttl="0"/><service name="upnp" method="table" conf="3"/></port>
<port protocol="tcp" portid="8080"><state state="filtered" reason="no-response" reason_ttl="0"/><service name="http-proxy" method="table" conf="3"/></port>
<port protocol="tcp" portid="8443"><state state="filtered" reason="no-response" reason_ttl="0"/><service name="https-alt" method="table" conf="3"/></port>
</ports>
<times srtt="123814" rttvar="95058" to="504046"/>
</host>
<host starttime="1524242214" endtime="1524242216"><status state="up" reason="user-set" reason_ttl="0"/>
<address addr="75.128.231.70" addrtype="ipv4"/>
<hostnames>
<hostname name="75-128-231-70.dhcp.mrqt.mi.charter.com" type="PTR"/>
</hostnames>
<ports><port protocol="tcp" portid="80"><state state="open" reason="syn-ack" reason_ttl="0"/><service name="http" method="table" conf="3"/></port>
<port protocol="tcp" portid="443"><state state="open" reason="syn-ack" reason_ttl="0"/><service name="https" method="table" conf="3"/></port>
<port protocol="tcp" portid="5000"><state state="filtered" reason="no-response" reason_ttl="0"/><service name="upnp" method="table" conf="3"/></port>
<port protocol="tcp" portid="8080"><state state="filtered" reason="no-response" reason_ttl="0"/><service name="http-proxy" method="table" conf="3"/></port>
<port protocol="tcp" portid="8443"><state state="filtered" reason="no-response" reason_ttl="0"/><service name="https-alt" method="table" conf="3"/></port>
</ports>
<times srtt="78835" rttvar="60516" to="320899"/>
</host>
<host starttime="1524242214" endtime="1524242214"><status state="up" reason="user-set" reason_ttl="0"/>
<address addr="31.133.197.48" addrtype="ipv4"/>
<hostnames>
<hostname name="gudevarangian.info" type="PTR"/>
</hostnames>
<ports><port protocol="tcp" portid="80"><state state="open" reason="syn-ack" reason_ttl="0"/><service name="http" method="table" conf="3"/></port>
<port protocol="tcp" portid="443"><state state="open" reason="syn-ack" reason_ttl="0"/><service name="https" method="table" conf="3"/></port>
<port protocol="tcp" portid="5000"><state state="closed" reason="conn-refused" reason_ttl="0"/><service name="upnp" method="table" conf="3"/></port>
<port protocol="tcp" portid="8080"><state state="closed" reason="conn-refused" reason_ttl="0"/><service name="http-proxy" method="table" conf="3"/></port>
<port protocol="tcp" portid="8443"><state state="closed" reason="conn-refused" reason_ttl="0"/><service name="https-alt" method="table" conf="3"/></port>
</ports>
<times srtt="246369" rttvar="84041" to="582533"/>
</host>
<host starttime="1524242214" endtime="1524242216"><status state="up" reason="user-set" reason_ttl="0"/>
<address addr="185.5.127.183" addrtype="ipv4"/>
<hostnames>
</hostnames>
<ports><port protocol="tcp" portid="80"><state state="open" reason="syn-ack" reason_ttl="0"/><service name="http" method="table" conf="3"/></port>
<port protocol="tcp" portid="443"><state state="open" reason="syn-ack" reason_ttl="0"/><service name="https" method="table" conf="3"/></port>
<port protocol="tcp" portid="5000"><state state="filtered" reason="no-response" reason_ttl="0"/><service name="upnp" method="table" conf="3"/></port>
<port protocol="tcp" portid="8080"><state state="filtered" reason="no-response" reason_ttl="0"/><service name="http-proxy" method="table" conf="3"/></port>
<port protocol="tcp" portid="8443"><state state="filtered" reason="no-response" reason_ttl="0"/><service name="https-alt" method="table" conf="3"/></port>
</ports>
<times srtt="137357" rttvar="103105" to="549777"/>
</host>
<host starttime="1524242214" endtime="1524242216"><status state="up" reason="user-set" reason_ttl="0"/>
<address addr="34.253.166.19" addrtype="ipv4"/>
<hostnames>
<hostname name="ec2-34-253-166-19.eu-west-1.compute.amazonaws.com" type="PTR"/>
</hostnames>
<ports><port protocol="tcp" portid="80"><state state="filtered" reason="no-response" reason_ttl="0"/><service name="http" method="table" conf="3"/></port>
<port protocol="tcp" portid="443"><state state="open" reason="syn-ack" reason_ttl="0"/><service name="https" method="table" conf="3"/></port>
<port protocol="tcp" portid="5000"><state state="filtered" reason="no-response" reason_ttl="0"/><service name="upnp" method="table" conf="3"/></port>
<port protocol="tcp" portid="8080"><state state="filtered" reason="no-response" reason_ttl="0"/><service name="http-proxy" method="table" conf="3"/></port>
<port protocol="tcp" portid="8443"><state state="filtered" reason="no-response" reason_ttl="0"/><service name="https-alt" method="table" conf="3"/></port>
</ports>
<times srtt="137027" rttvar="137027" to="685135"/>
</host>
<host starttime="1524242214" endtime="1524242218"><status state="up" reason="user-set" reason_ttl="0"/>
<address addr="123.243.191.198" addrtype="ipv4"/>
<hostnames>
<hostname name="123-243-191-198.static.tpgi.com.au" type="PTR"/>
</hostnames>
<ports><port protocol="tcp" portid="80"><state state="filtered" reason="no-response" reason_ttl="0"/><service name="http" method="table" conf="3"/></port>
<port protocol="tcp" portid="443"><state state="open" reason="syn-ack" reason_ttl="0"/><service name="https" method="table" conf="3"/></port>
<port protocol="tcp" portid="5000"><state state="filtered" reason="no-response" reason_ttl="0"/><service name="upnp" method="table" conf="3"/></port>
<port protocol="tcp" portid="8080"><state state="filtered" reason="no-response" reason_ttl="0"/><service name="http-proxy" method="table" conf="3"/></port>
<port protocol="tcp" portid="8443"><state state="filtered" reason="no-response" reason_ttl="0"/><service name="https-alt" method="table" conf="3"/></port>
</ports>
<times srtt="267212" rttvar="267212" to="1336060"/>
</host>
<host starttime="1524242214" endtime="1524242217"><status state="up" reason="user-set" reason_ttl="0"/>
<address addr="114.242.131.194" addrtype="ipv4"/>
<hostnames>
</hostnames>
<ports><port protocol="tcp" portid="80"><state state="filtered" reason="no-response" reason_ttl="0"/><service name="http" method="table" conf="3"/></port>
<port protocol="tcp" portid="443"><state state="open" reason="syn-ack" reason_ttl="0"/><service name="https" method="table" conf="3"/></port>
<port protocol="tcp" portid="5000"><state state="open" reason="syn-ack" reason_ttl="0"/><service name="upnp" method="table" conf="3"/></port>
<port protocol="tcp" portid="8080"><state state="filtered" reason="no-response" reason_ttl="0"/><service name="http-proxy" method="table" conf="3"/></port>
<port protocol="tcp" portid="8443"><state state="open" reason="syn-ack" reason_ttl="0"/><service name="https-alt" method="table" conf="3"/></port>
</ports>
<times srtt="257845" rttvar="160472" to="899733"/>
</host>
<host starttime="1524242214" endtime="1524242216"><status state="up" reason="user-set" reason_ttl="0"/>
<address addr="54.238.79.92" addrtype="ipv4"/>
<hostnames>
<hostname name="ec2-54-238-79-92.ap-northeast-1.compute.amazonaws.com" type="PTR"/>
</hostnames>
<ports><port protocol="tcp" portid="80"><state state="open" reason="syn-ack" reason_ttl="0"/><service name="http" method="table" conf="3"/></port>
<port protocol="tcp" portid="443"><state state="open" reason="syn-ack" reason_ttl="0"/><service name="https" method="table" conf="3"/></port>
<port protocol="tcp" portid="5000"><state state="filtered" reason="no-response" reason_ttl="0"/><service name="upnp" method="table" conf="3"/></port>
<port protocol="tcp" portid="8080"><state state="filtered" reason="no-response" reason_ttl="0"/><service name="http-proxy" method="table" conf="3"/></port>
<port protocol="tcp" portid="8443"><state state="filtered" reason="no-response" reason_ttl="0"/><service name="https-alt" method="table" conf="3"/></port>
</ports>
<times srtt="187821" rttvar="142643" to="758393"/>
</host>
<host starttime="1524242214" endtime="1524242217"><status state="up" reason="user-set" reason_ttl="0"/>
<address addr="50.24.100.28" addrtype="ipv4"/>
<hostnames>
<hostname name="50-24-100-28.bcstcmtk02.res.dyn.suddenlink.net" type="PTR"/>
</hostnames>
<ports><port protocol="tcp" portid="80"><state state="filtered" reason="no-response" reason_ttl="0"/><service name="http" method="table" conf="3"/></port>
<port protocol="tcp" portid="443"><state state="filtered" reason="no-response" reason_ttl="0"/><service name="https" method="table" conf="3"/></port>
<port protocol="tcp" portid="5000"><state state="filtered" reason="no-response" reason_ttl="0"/><service name="upnp" method="table" conf="3"/></port>
<port protocol="tcp" portid="8080"><state state="open" reason="syn-ack" reason_ttl="0"/><service name="http-proxy" method="table" conf="3"/></port>
<port protocol="tcp" portid="8443"><state state="filtered" reason="no-response" reason_ttl="0"/><service name="https-alt" method="table" conf="3"/></port>
</ports>
<times srtt="211065" rttvar="211065" to="1055325"/>
</host>
<host starttime="1524242214" endtime="1524242216"><status state="up" reason="user-set" reason_ttl="0"/>
<address addr="85.28.99.232" addrtype="ipv4"/>
<hostnames>
<hostname name="cable-85.28.99.232.coditel.net" type="PTR"/>
</hostnames>
<ports><port protocol="tcp" portid="80"><state state="open" reason="syn-ack" reason_ttl="0"/><service name="http" method="table" conf="3"/></port>
<port protocol="tcp" portid="443"><state state="open" reason="syn-ack" reason_ttl="0"/><service name="https" method="table" conf="3"/></port>
<port protocol="tcp" portid="5000"><state state="filtered" reason="no-response" reason_ttl="0"/><service name="upnp" method="table" conf="3"/></port>
<port protocol="tcp" portid="8080"><state state="open" reason="syn-ack" reason_ttl="0"/><service name="http-proxy" method="table" conf="3"/></port>
<port protocol="tcp" portid="8443"><state state="filtered" reason="no-response" reason_ttl="0"/><service name="https-alt" method="table" conf="3"/></port>
</ports>
<times srtt="143256" rttvar="80827" to="466564"/>
</host>
<host starttime="1524242214" endtime="1524242216"><status state="up" reason="user-set" reason_ttl="0"/>
<address addr="66.186.91.196" addrtype="ipv4"/>
<hostnames>
<hostname name="sud-cable-cmts5-66-186-91-196.vianet.ca" type="PTR"/>
</hostnames>
<ports><port protocol="tcp" portid="80"><state state="filtered" reason="no-response" reason_ttl="0"/><service name="http" method="table" conf="3"/></port>
<port protocol="tcp" portid="443"><state state="filtered" reason="no-response" reason_ttl="0"/><service name="https" method="table" conf="3"/></port>
<port protocol="tcp" portid="5000"><state state="filtered" reason="no-response" reason_ttl="0"/><service name="upnp" method="table" conf="3"/></port>
<port protocol="tcp" portid="8080"><state state="open" reason="syn-ack" reason_ttl="0"/><service name="http-proxy" method="table" conf="3"/></port>
<port protocol="tcp" portid="8443"><state state="filtered" reason="no-response" reason_ttl="0"/><service name="https-alt" method="table" conf="3"/></port>
</ports>
<times srtt="82124" rttvar="82124" to="410620"/>
</host>
<host starttime="1524242214" endtime="1524242214"><status state="up" reason="user-set" reason_ttl="0"/>
<address addr="192.162.233.53" addrtype="ipv4"/>
<hostnames>
<hostname name="192-162-233-53.inaddr.vnstr.net" type="PTR"/>
</hostnames>
<ports><port protocol="tcp" portid="80"><state state="open" reason="syn-ack" reason_ttl="0"/><service name="http" method="table" conf="3"/></port>
<port protocol="tcp" portid="443"><state state="closed" reason="conn-refused" reason_ttl="0"/><service name="https" method="table" conf="3"/></port>
<port protocol="tcp" portid="5000"><state state="closed" reason="conn-refused" reason_ttl="0"/><service name="upnp" method="table" conf="3"/></port>
<port protocol="tcp" portid="8080"><state state="open" reason="syn-ack" reason_ttl="0"/><service name="http-proxy" method="table" conf="3"/></port>
<port protocol="tcp" portid="8443"><state state="closed" reason="conn-refused" reason_ttl="0"/><service name="https-alt" method="table" conf="3"/></port>
</ports>
<times srtt="165216" rttvar="56892" to="392784"/>
</host>
<host starttime="1524242214" endtime="1524242216"><status state="up" reason="user-set" reason_ttl="0"/>
<address addr="189.129.7.43" addrtype="ipv4"/>
<hostnames>
<hostname name="dsl-189-129-7-43-dyn.prod-infinitum.com.mx" type="PTR"/>
</hostnames>
<ports><port protocol="tcp" portid="80"><state state="open" reason="syn-ack" reason_ttl="0"/><service name="http" method="table" conf="3"/></port>
<port protocol="tcp" portid="443"><state state="filtered" reason="no-response" reason_ttl="0"/><service name="https" method="table" conf="3"/></port>
<port protocol="tcp" portid="5000"><state state="filtered" reason="no-response" reason_ttl="0"/><service name="upnp" method="table" conf="3"/></port>
<port protocol="tcp" portid="8080"><state state="open" reason="syn-ack" reason_ttl="0"/><service name="http-proxy" method="table" conf="3"/></port>
<port protocol="tcp" portid="8443"><state state="filtered" reason="no-response" reason_ttl="0"/><service name="https-alt" method="table" conf="3"/></port>
</ports>
<times srtt="105600" rttvar="79640" to="424160"/>
</host>
<host starttime="1524242214" endtime="1524242216"><status state="up" reason="user-set" reason_ttl="0"/>
<address addr="69.70.138.146" addrtype="ipv4"/>
<hostnames>
<hostname name="modemcable146.138-70-69.static.videotron.ca" type="PTR"/>
</hostnames>
<ports><port protocol="tcp" portid="80"><state state="filtered" reason="no-response" reason_ttl="0"/><service name="http" method="table" conf="3"/></port>
<port protocol="tcp" portid="443"><state state="filtered" reason="no-response" reason_ttl="0"/><service name="https" method="table" conf="3"/></port>
<port protocol="tcp" portid="5000"><state state="filtered" reason="no-response" reason_ttl="0"/><service name="upnp" method="table" conf="3"/></port>
<port protocol="tcp" portid="8080"><state state="open" reason="syn-ack" reason_ttl="0"/><service name="http-proxy" method="table" conf="3"/></port>
<port protocol="tcp" portid="8443"><state state="filtered" reason="no-response" reason_ttl="0"/><service name="https-alt" method="table" conf="3"/></port>
</ports>
<times srtt="86161" rttvar="86161" to="430805"/>
</host>
<host starttime="1524242214" endtime="1524242214"><status state="up" reason="user-set" reason_ttl="0"/>
<address addr="196.17.55.67" addrtype="ipv4"/>
<hostnames>
</hostnames>
<ports><port protocol="tcp" portid="80"><state state="open" reason="syn-ack" reason_ttl="0"/><service name="http" method="table" conf="3"/></port>
<port protocol="tcp" portid="443"><state state="closed" reason="conn-refused" reason_ttl="0"/><service name="https" method="table" conf="3"/></port>
<port protocol="tcp" portid="5000"><state state="closed" reason="conn-refused" reason_ttl="0"/><service name="upnp" method="table" conf="3"/></port>
<port protocol="tcp" portid="8080"><state state="open" reason="syn-ack" reason_ttl="0"/><service name="http-proxy" method="table" conf="3"/></port>
<port protocol="tcp" portid="8443"><state state="closed" reason="conn-refused" reason_ttl="0"/><service name="https-alt" method="table" conf="3"/></port>
</ports>
<times srtt="87681" rttvar="30015" to="207741"/>
</host>
<host starttime="1524242214" endtime="1524242216"><status state="up" reason="user-set" reason_ttl="0"/>
<address addr="85.237.239.4" addrtype="ipv4"/>
<hostnames>
<hostname name="85-237-239-4.static.orange.sk" type="PTR"/>
</hostnames>
<ports><port protocol="tcp" portid="80"><state state="filtered" reason="no-response" reason_ttl="0"/><service name="http" method="table" conf="3"/></port>
<port protocol="tcp" portid="443"><state state="open" reason="syn-ack" reason_ttl="0"/><service name="https" method="table" conf="3"/></port>
<port protocol="tcp" portid="5000"><state state="filtered" reason="no-response" reason_ttl="0"/><service name="upnp" method="table" conf="3"/></port>
<port protocol="tcp" portid="8080"><state state="open" reason="syn-ack" reason_ttl="0"/><service name="http-proxy" method="table" conf="3"/></port>
<port protocol="tcp" portid="8443"><state state="filtered" reason="no-response" reason_ttl="0"/><service name="https-alt" method="table" conf="3"/></port>
</ports>
<times srtt="161329" rttvar="123789" to="656485"/>
</host>
<host starttime="1524242214" endtime="1524242216"><status state="up" reason="user-set" reason_ttl="0"/>
<address addr="187.200.8.215" addrtype="ipv4"/>
<hostnames>
<hostname name="dsl-187-200-8-215-dyn.prod-infinitum.com.mx" type="PTR"/>
</hostnames>
<ports><port protocol="tcp" portid="80"><state state="open" reason="syn-ack" reason_ttl="0"/><service name="http" method="table" conf="3"/></port>
<port protocol="tcp" portid="443"><state state="open" reason="syn-ack" reason_ttl="0"/><service name="https" method="table" conf="3"/></port>
<port protocol="tcp" portid="5000"><state state="filtered" reason="no-response" reason_ttl="0"/><service name="upnp" method="table" conf="3"/></port>
<port protocol="tcp" portid="8080"><state state="open" reason="syn-ack" reason_ttl="0"/><service name="http-proxy" method="table" conf="3"/></port>
<port protocol="tcp" portid="8443"><state state="filtered" reason="no-response" reason_ttl="0"/><service name="https-alt" method="table" conf="3"/></port>
</ports>
<times srtt="113756" rttvar="66356" to="379180"/>
</host>
<host starttime="1524242214" endtime="1524242218"><status state="up" reason="user-set" reason_ttl="0"/>
<address addr="182.253.35.117" addrtype="ipv4"/>
<hostnames>
</hostnames>
<ports><port protocol="tcp" portid="80"><state state="filtered" reason="no-response" reason_ttl="0"/><service name="http" method="table" conf="3"/></port>
<port protocol="tcp" portid="443"><state state="filtered" reason="no-response" reason_ttl="0"/><service name="https" method="table" conf="3"/></port>
<port protocol="tcp" portid="5000"><state state="filtered" reason="no-response" reason_ttl="0"/><service name="upnp" method="table" conf="3"/></port>
<port protocol="tcp" portid="8080"><state state="open" reason="syn-ack" reason_ttl="0"/><service name="http-proxy" method="table" conf="3"/></port>
<port protocol="tcp" portid="8443"><state state="filtered" reason="no-response" reason_ttl="0"/><service name="https-alt" method="table" conf="3"/></port>
</ports>
<times srtt="309891" rttvar="309891" to="1549455"/>
</host>
<host starttime="1524242214" endtime="1524242216"><status state="up" reason="user-set" reason_ttl="0"/>
<address addr="83.145.85.173" addrtype="ipv4"/>
<hostnames>
<hostname name="reverse.completel.net" type="PTR"/>
</hostnames>
<ports><port protocol="tcp" portid="80"><state state="closed" reason="conn-refused" reason_ttl="0"/><service name="http" method="table" conf="3"/></port>
<port protocol="tcp" portid="443"><state state="open" reason="syn-ack" reason_ttl="0"/><service name="https" method="table" conf="3"/></port>
<port protocol="tcp" portid="5000"><state state="filtered" reason="no-response" reason_ttl="0"/><service name="upnp" method="table" conf="3"/></port>
<port protocol="tcp" portid="8080"><state state="filtered" reason="no-response" reason_ttl="0"/><service name="http-proxy" method="table" conf="3"/></port>
<port protocol="tcp" portid="8443"><state state="open" reason="syn-ack" reason_ttl="0"/><service name="https-alt" method="table" conf="3"/></port>
</ports>
<times srtt="135817" rttvar="78585" to="450157"/>
</host>
<host starttime="1524242214" endtime="1524242215"><status state="up" reason="user-set" reason_ttl="0"/>
<address addr="74.205.93.171" addrtype="ipv4"/>
<hostnames>
<hostname name="127398-app1.digitalmediacommunications.com" type="PTR"/>
</hostnames>
<ports><port protocol="tcp" portid="80"><state state="open" reason="syn-ack" reason_ttl="0"/><service name="http" method="table" conf="3"/></port>
<port protocol="tcp" portid="443"><state state="open" reason="syn-ack" reason_ttl="0"/><service name="https" method="table" conf="3"/></port>
<port protocol="tcp" portid="5000"><state state="filtered" reason="no-response" reason_ttl="0"/><service name="upnp" method="table" conf="3"/></port>
<port protocol="tcp" portid="8080"><state state="filtered" reason="no-response" reason_ttl="0"/><service name="http-proxy" method="table" conf="3"/></port>
<port protocol="tcp" portid="8443"><state state="open" reason="syn-ack" reason_ttl="0"/><service name="https-alt" method="table" conf="3"/></port>
</ports>
<times srtt="44799" rttvar="25818" to="148071"/>
</host>
<host starttime="1524242214" endtime="1524242215"><status state="up" reason="user-set" reason_ttl="0"/>
<address addr="192.230.94.173" addrtype="ipv4"/>
<hostnames>
<hostname name="192.230.94.173.ip.incapdns.net" type="PTR"/>
</hostnames>
<ports><port protocol="tcp" portid="80"><state state="open" reason="syn-ack" reason_ttl="0"/><service name="http" method="table" conf="3"/></port>
<port protocol="tcp" portid="443"><state state="open" reason="syn-ack" reason_ttl="0"/><service name="https" method="table" conf="3"/></port>
<port protocol="tcp" portid="5000"><state state="open" reason="syn-ack" reason_ttl="0"/><service name="upnp" method="table" conf="3"/></port>
<port protocol="tcp" portid="8080"><state state="open" reason="syn-ack" reason_ttl="0"/><service name="http-proxy" method="table" conf="3"/></port>
<port protocol="tcp" portid="8443"><state state="open" reason="syn-ack" reason_ttl="0"/><service name="https-alt" method="table" conf="3"/></port>
</ports>
<times srtt="245588" rttvar="80383" to="567120"/>
</host>
<host starttime="1524242214" endtime="1524242216"><status state="up" reason="user-set" reason_ttl="0"/>
<address addr="96.238.51.251" addrtype="ipv4"/>
<hostnames>
<hostname name="pool-96-238-51-251.prvdri.fios.verizon.net" type="PTR"/>
</hostnames>
<ports><port protocol="tcp" portid="80"><state state="filtered" reason="no-response" reason_ttl="0"/><service name="http" method="table" conf="3"/></port>
<port protocol="tcp" portid="443"><state state="filtered" reason="no-response" reason_ttl="0"/><service name="https" method="table" conf="3"/></port>
<port protocol="tcp" portid="5000"><state state="filtered" reason="no-response" reason_ttl="0"/><service name="upnp" method="table" conf="3"/></port>
<port protocol="tcp" portid="8080"><state state="open" reason="syn-ack" reason_ttl="0"/><service name="http-proxy" method="table" conf="3"/></port>
<port protocol="tcp" portid="8443"><state state="open" reason="syn-ack" reason_ttl="0"/><service name="https-alt" method="table" conf="3"/></port>
</ports>
<times srtt="96586" rttvar="75430" to="398306"/>
</host>
<host starttime="1524242214" endtime="1524242214"><status state="up" reason="user-set" reason_ttl="0"/>
<address addr="213.180.93.14" addrtype="ipv4"/>
<hostnames>
</hostnames>
<ports><port protocol="tcp" portid="80"><state state="open" reason="syn-ack" reason_ttl="0"/><service name="http" method="table" conf="3"/></port>
<port protocol="tcp" portid="443"><state state="open" reason="syn-ack" reason_ttl="0"/><service name="https" method="table" conf="3"/></port>
<port protocol="tcp" portid="5000"><state state="closed" reason="conn-refused" reason_ttl="0"/><service name="upnp" method="table" conf="3"/></port>
<port protocol="tcp" portid="8080"><state state="closed" reason="conn-refused" reason_ttl="0"/><service name="http-proxy" method="table" conf="3"/></port>
<port protocol="tcp" portid="8443"><state state="open" reason="syn-ack" reason_ttl="0"/><service name="https-alt" method="table" conf="3"/></port>
</ports>
<times srtt="156530" rttvar="54875" to="376030"/>
</host>
<host starttime="1524242214" endtime="1524242215"><status state="up" reason="user-set" reason_ttl="0"/>
<address addr="104.18.156.235" addrtype="ipv4"/>
<hostnames>
</hostnames>
<ports><port protocol="tcp" portid="80"><state state="open" reason="syn-ack" reason_ttl="0"/><service name="http" method="table" conf="3"/></port>
<port protocol="tcp" portid="443"><state state="open" reason="syn-ack" reason_ttl="0"/><service name="https" method="table" conf="3"/></port>
<port protocol="tcp" portid="5000"><state state="filtered" reason="no-response" reason_ttl="0"/><service name="upnp" method="table" conf="3"/></port>
<port protocol="tcp" portid="8080"><state state="open" reason="syn-ack" reason_ttl="0"/><service name="http-proxy" method="table" conf="3"/></port>
<port protocol="tcp" portid="8443"><state state="open" reason="syn-ack" reason_ttl="0"/><service name="https-alt" method="table" conf="3"/></port>
</ports>
<times srtt="26842" rttvar="14880" to="100000"/>
</host>
<host starttime="1524242214" endtime="1524242215"><status state="up" reason="user-set" reason_ttl="0"/>
<address addr="104.23.138.35" addrtype="ipv4"/>
<hostnames>
</hostnames>
<ports><port protocol="tcp" portid="80"><state state="open" reason="syn-ack" reason_ttl="0"/><service name="http" method="table" conf="3"/></port>
<port protocol="tcp" portid="443"><state state="open" reason="syn-ack" reason_ttl="0"/><service name="https" method="table" conf="3"/></port>
<port protocol="tcp" portid="5000"><state state="filtered" reason="no-response" reason_ttl="0"/><service name="upnp" method="table" conf="3"/></port>
<port protocol="tcp" portid="8080"><state state="open" reason="syn-ack" reason_ttl="0"/><service name="http-proxy" method="table" conf="3"/></port>
<port protocol="tcp" portid="8443"><state state="open" reason="syn-ack" reason_ttl="0"/><service name="https-alt" method="table" conf="3"/></port>
</ports>
<times srtt="24135" rttvar="11199" to="100000"/>
</host>
<host starttime="1524242214" endtime="1524242215"><status state="up" reason="user-set" reason_ttl="0"/>
<address addr="104.23.201.32" addrtype="ipv4"/>
<hostnames>
</hostnames>
<ports><port protocol="tcp" portid="80"><state state="open" reason="syn-ack" reason_ttl="0"/><service name="http" method="table" conf="3"/></port>
<port protocol="tcp" portid="443"><state state="open" reason="syn-ack" reason_ttl="0"/><service name="https" method="table" conf="3"/></port>
<port protocol="tcp" portid="5000"><state state="filtered" reason="no-response" reason_ttl="0"/><service name="upnp" method="table" conf="3"/></port>
<port protocol="tcp" portid="8080"><state state="open" reason="syn-ack" reason_ttl="0"/><service name="http-proxy" method="table" conf="3"/></port>
<port protocol="tcp" portid="8443"><state state="open" reason="syn-ack" reason_ttl="0"/><service name="https-alt" method="table" conf="3"/></port>
</ports>
<times srtt="26434" rttvar="15799" to="100000"/>
</host>
<host starttime="1524242214" endtime="1524242218"><status state="up" reason="user-set" reason_ttl="0"/>
<address addr="211.228.220.76" addrtype="ipv4"/>
<hostnames>
</hostnames>
<ports><port protocol="tcp" portid="80"><state state="open" reason="syn-ack" reason_ttl="0"/><service name="http" method="table" conf="3"/></port>
<port protocol="tcp" portid="443"><state state="filtered" reason="no-response" reason_ttl="0"/><service name="https" method="table" conf="3"/></port>
<port protocol="tcp" portid="5000"><state state="filtered" reason="no-response" reason_ttl="0"/><service name="upnp" method="table" conf="3"/></port>
<port protocol="tcp" portid="8080"><state state="filtered" reason="no-response" reason_ttl="0"/><service name="http-proxy" method="table" conf="3"/></port>
<port protocol="tcp" portid="8443"><state state="open" reason="syn-ack" reason_ttl="0"/><service name="https-alt" method="table" conf="3"/></port>
</ports>
<times srtt="361217" rttvar="274479" to="1459133"/>
</host>
<host starttime="1524242214" endtime="1524242216"><status state="up" reason="user-set" reason_ttl="0"/>
<address addr="151.80.25.235" addrtype="ipv4"/>
<hostnames>
<hostname name="ns3017978.ip-151-80-25.eu" type="PTR"/>
</hostnames>
<ports><port protocol="tcp" portid="80"><state state="open" reason="syn-ack" reason_ttl="0"/><service name="http" method="table" conf="3"/></port>
<port protocol="tcp" portid="443"><state state="open" reason="syn-ack" reason_ttl="0"/><service name="https" method="table" conf="3"/></port>
<port protocol="tcp" portid="5000"><state state="filtered" reason="no-response" reason_ttl="0"/><service name="upnp" method="table" conf="3"/></port>
<port protocol="tcp" portid="8080"><state state="filtered" reason="no-response" reason_ttl="0"/><service name="http-proxy" method="table" conf="3"/></port>
<port protocol="tcp" portid="8443"><state state="open" reason="syn-ack" reason_ttl="0"/><service name="https-alt" method="table" conf="3"/></port>
</ports>
<times srtt="139931" rttvar="82338" to="469283"/>
</host>
<host starttime="1524242214" endtime="1524242214"><status state="up" reason="user-set" reason_ttl="0"/>
<address addr="187.156.61.222" addrtype="ipv4"/>
<hostnames>
<hostname name="dsl-187-156-61-222-dyn.prod-infinitum.com.mx" type="PTR"/>
</hostnames>
<ports><port protocol="tcp" portid="80"><state state="open" reason="syn-ack" reason_ttl="0"/><service name="http" method="table" conf="3"/></port>
<port protocol="tcp" portid="443"><state state="open" reason="syn-ack" reason_ttl="0"/><service name="https" method="table" conf="3"/></port>
<port protocol="tcp" portid="5000"><state state="open" reason="syn-ack" reason_ttl="0"/><service name="upnp" method="table" conf="3"/></port>
<port protocol="tcp" portid="8080"><state state="open" reason="syn-ack" reason_ttl="0"/><service name="http-proxy" method="table" conf="3"/></port>
<port protocol="tcp" portid="8443"><state state="closed" reason="conn-refused" reason_ttl="0"/><service name="https-alt" method="table" conf="3"/></port>
</ports>
<times srtt="141793" rttvar="61987" to="389741"/>
</host>
<host starttime="1524242214" endtime="1524242214"><status state="up" reason="user-set" reason_ttl="0"/>
<address addr="181.137.43.232" addrtype="ipv4"/>
<hostnames>
<hostname name="hfc-181-137-43-232.une.net.co" type="PTR"/>
</hostnames>
<ports><port protocol="tcp" portid="80"><state state="open" reason="syn-ack" reason_ttl="0"/><service name="http" method="table" conf="3"/></port>
<port protocol="tcp" portid="443"><state state="open" reason="syn-ack" reason_ttl="0"/><service name="https" method="table" conf="3"/></port>
<port protocol="tcp" portid="5000"><state state="open" reason="syn-ack" reason_ttl="0"/><service name="upnp" method="table" conf="3"/></port>
<port protocol="tcp" portid="8080"><state state="closed" reason="conn-refused" reason_ttl="0"/><service name="http-proxy" method="table" conf="3"/></port>
<port protocol="tcp" portid="8443"><state state="closed" reason="conn-refused" reason_ttl="0"/><service name="https-alt" method="table" conf="3"/></port>
</ports>
<times srtt="100445" rttvar="34819" to="239721"/>
</host>
<host starttime="1524242214" endtime="1524242218"><status state="up" reason="user-set" reason_ttl="0"/>
<address addr="188.125.35.169" addrtype="ipv4"/>
<hostnames>
<hostname name="apn-188-125-35-169.static.gprs.plus.pl" type="PTR"/>
</hostnames>
<ports><port protocol="tcp" portid="80"><state state="filtered" reason="no-response" reason_ttl="0"/><service name="http" method="table" conf="3"/></port>
<port protocol="tcp" portid="443"><state state="open" reason="syn-ack" reason_ttl="0"/><service name="https" method="table" conf="3"/></port>
<port protocol="tcp" portid="5000"><state state="open" reason="syn-ack" reason_ttl="0"/><service name="upnp" method="table" conf="3"/></port>
<port protocol="tcp" portid="8080"><state state="closed" reason="conn-refused" reason_ttl="0"/><service name="http-proxy" method="table" conf="3"/></port>
<port protocol="tcp" portid="8443"><state state="closed" reason="conn-refused" reason_ttl="0"/><service name="https-alt" method="table" conf="3"/></port>
</ports>
<times srtt="414276" rttvar="214242" to="1271244"/>
</host>
<host starttime="1524242214" endtime="1524242217"><status state="up" reason="user-set" reason_ttl="0"/>
<address addr="119.63.123.49" addrtype="ipv4"/>
<hostnames>
<hostname name="119-63-123-49.catv.tees.ne.jp" type="PTR"/>
</hostnames>
<ports><port protocol="tcp" portid="80"><state state="filtered" reason="no-response" reason_ttl="0"/><service name="http" method="table" conf="3"/></port>
<port protocol="tcp" portid="443"><state state="filtered" reason="no-response" reason_ttl="0"/><service name="https" method="table" conf="3"/></port>
<port protocol="tcp" portid="5000"><state state="open" reason="syn-ack" reason_ttl="0"/><service name="upnp" method="table" conf="3"/></port>
<port protocol="tcp" portid="8080"><state state="closed" reason="conn-refused" reason_ttl="0"/><service name="http-proxy" method="table" conf="3"/></port>
<port protocol="tcp" portid="8443"><state state="closed" reason="conn-refused" reason_ttl="0"/><service name="https-alt" method="table" conf="3"/></port>
</ports>
<times srtt="389702" rttvar="221536" to="1275846"/>
</host>
<host starttime="1524242214" endtime="1524242214"><status state="up" reason="user-set" reason_ttl="0"/>
<address addr="107.154.143.108" addrtype="ipv4"/>
<hostnames>
<hostname name="107.154.143.108.ip.incapdns.net" type="PTR"/>
</hostnames>
<ports><port protocol="tcp" portid="80"><state state="open" reason="syn-ack" reason_ttl="0"/><service name="http" method="table" conf="3"/></port>
<port protocol="tcp" portid="443"><state state="open" reason="syn-ack" reason_ttl="0"/><service name="https" method="table" conf="3"/></port>
<port protocol="tcp" portid="5000"><state state="open" reason="syn-ack" reason_ttl="0"/><service name="upnp" method="table" conf="3"/></port>
<port protocol="tcp" portid="8080"><state state="open" reason="syn-ack" reason_ttl="0"/><service name="http-proxy" method="table" conf="3"/></port>
<port protocol="tcp" portid="8443"><state state="open" reason="syn-ack" reason_ttl="0"/><service name="https-alt" method="table" conf="3"/></port>
</ports>
<times srtt="38877" rttvar="15358" to="100309"/>
</host>
<host starttime="1524242214" endtime="1524242214"><status state="up" reason="user-set" reason_ttl="0"/>
<address addr="47.93.173.17" addrtype="ipv4"/>
<hostnames>
</hostnames>
<ports><port protocol="tcp" portid="80"><state state="closed" reason="conn-refused" reason_ttl="0"/><service name="http" method="table" conf="3"/></port>
<port protocol="tcp" portid="443"><state state="closed" reason="conn-refused" reason_ttl="0"/><service name="https" method="table" conf="3"/></port>
<port protocol="tcp" portid="5000"><state state="open" reason="syn-ack" reason_ttl="0"/><service name="upnp" method="table" conf="3"/></port>
<port protocol="tcp" portid="8080"><state state="closed" reason="conn-refused" reason_ttl="0"/><service name="http-proxy" method="table" conf="3"/></port>
<port protocol="tcp" portid="8443"><state state="closed" reason="conn-refused" reason_ttl="0"/><service name="https-alt" method="table" conf="3"/></port>
</ports>
<times srtt="262801" rttvar="87263" to="611853"/>
</host>
<host starttime="1524242214" endtime="1524242216"><status state="up" reason="user-set" reason_ttl="0"/>
<address addr="183.102.183.60" addrtype="ipv4"/>
<hostnames>
</hostnames>
<ports><port protocol="tcp" portid="80"><state state="filtered" reason="no-response" reason_ttl="0"/><service name="http" method="table" conf="3"/></port>
<port protocol="tcp" portid="443"><state state="closed" reason="conn-refused" reason_ttl="0"/><service name="https" method="table" conf="3"/></port>
<port protocol="tcp" portid="5000"><state state="open" reason="syn-ack" reason_ttl="0"/><service name="upnp" method="table" conf="3"/></port>
<port protocol="tcp" portid="8080"><state state="closed" reason="conn-refused" reason_ttl="0"/><service name="http-proxy" method="table" conf="3"/></port>
<port protocol="tcp" portid="8443"><state state="closed" reason="conn-refused" reason_ttl="0"/><service name="https-alt" method="table" conf="3"/></port>
</ports>
<times srtt="230411" rttvar="103541" to="644575"/>
</host>
<host starttime="1524242214" endtime="1524242216"><status state="up" reason="user-set" reason_ttl="0"/>
<address addr="178.148.177.151" addrtype="ipv4"/>
<hostnames>
<hostname name="cable-178-148-177-151.dynamic.sbb.rs" type="PTR"/>
</hostnames>
<ports><port protocol="tcp" portid="80"><state state="open" reason="syn-ack" reason_ttl="0"/><service name="http" method="table" conf="3"/></port>
<port protocol="tcp" portid="443"><state state="open" reason="syn-ack" reason_ttl="0"/><service name="https" method="table" conf="3"/></port>
<port protocol="tcp" portid="5000"><state state="open" reason="syn-ack" reason_ttl="0"/><service name="upnp" method="table" conf="3"/></port>
<port protocol="tcp" portid="8080"><state state="filtered" reason="no-response" reason_ttl="0"/><service name="http-proxy" method="table" conf="3"/></port>
<port protocol="tcp" portid="8443"><state state="closed" reason="conn-refused" reason_ttl="0"/><service name="https-alt" method="table" conf="3"/></port>
</ports>
<times srtt="180839" rttvar="82578" to="511151"/>
</host>
<host starttime="1524242214" endtime="1524242216"><status state="up" reason="user-set" reason_ttl="0"/>
<address addr="217.100.37.170" addrtype="ipv4"/>
<hostnames>
<hostname name="D96425AA.static.ziggozakelijk.nl" type="PTR"/>
</hostnames>
<ports><port protocol="tcp" portid="80"><state state="open" reason="syn-ack" reason_ttl="0"/><service name="http" method="table" conf="3"/></port>
<port protocol="tcp" portid="443"><state state="filtered" reason="no-response" reason_ttl="0"/><service name="https" method="table" conf="3"/></port>
<port protocol="tcp" portid="5000"><state state="open" reason="syn-ack" reason_ttl="0"/><service name="upnp" method="table" conf="3"/></port>
<port protocol="tcp" portid="8080"><state state="filtered" reason="no-response" reason_ttl="0"/><service name="http-proxy" method="table" conf="3"/></port>
<port protocol="tcp" portid="8443"><state state="filtered" reason="no-response" reason_ttl="0"/><service name="https-alt" method="table" conf="3"/></port>
</ports>
<times srtt="147117" rttvar="111170" to="591797"/>
</host>
<host starttime="1524242214" endtime="1524242214"><status state="up" reason="user-set" reason_ttl="0"/>
<address addr="121.22.246.97" addrtype="ipv4"/>
<hostnames>
</hostnames>
<ports><port protocol="tcp" portid="80"><state state="open" reason="syn-ack" reason_ttl="0"/><service name="http" method="table" conf="3"/></port>
<port protocol="tcp" portid="443"><state state="open" reason="syn-ack" reason_ttl="0"/><service name="https" method="table" conf="3"/></port>
<port protocol="tcp" portid="5000"><state state="open" reason="syn-ack" reason_ttl="0"/><service name="upnp" method="table" conf="3"/></port>
<port protocol="tcp" portid="8080"><state state="open" reason="syn-ack" reason_ttl="0"/><service name="http-proxy" method="table" conf="3"/></port>
<port protocol="tcp" portid="8443"><state state="closed" reason="conn-refused" reason_ttl="0"/><service name="https-alt" method="table" conf="3"/></port>
</ports>
<times srtt="267100" rttvar="86229" to="612016"/>
</host>
<runstats><finished time="1524242218" timestr="Fri Apr 20 12:36:58 2018" elapsed="13.95" summary="Nmap done at Fri Apr 20 12:36:58 2018; 40 IP addresses (40 hosts up) scanned in 13.95 seconds" exit="success"/><hosts up="40" down="0" total="40"/>
</runstats>
</nmaprun>
